,Timestamp,WalletAddress,FileSize [Byte]
0,30/05/2024 17:46:44,0x,81
0,30/05/2024 17:49:56,0x,81
0,30/05/2024 18:56:27,0x,157
0,30/05/2024 19:05:42,0x,81
0,30/05/2024 19:17:40,,81
0,30/05/2024 19:18:01,,157
0,30/05/2024 19:20:49,0xE0A28f95c2cDF96E3c89C29e52D80e223cA24b5d,81
0,30/05/2024 19:25:00,0xE0A28f95c2cDF96E3c89C29e52D80e223cA24b5d,81
0,30/05/2024 19:26:02,0xCopyAddress,81
0,30/05/2024 19:26:37,0xCopyAddress,157
0,04/06/2024 14:36:29,0x2F983dbe1c1ebeAd744eE6211F5CCF84E76A98D3,82
0,04/06/2024 14:40:15,0x2F983dbe1c1ebeAd744eE6211F5CCF84E76A98D3,82
0,04/06/2024 14:43:11,0x2F983dbe1c1ebeAd744eE6211F5CCF84E76A98D3,82
